<application>
  <component name="FileTypeManager" version="18">
    <extensionMap>
      <mapping pattern="WhatsNewHOC" type="JavaScript" />
      <mapping pattern="errorBar" type="JavaScript" />
      <mapping ext="space.kts" type="Kotlin" />
      <mapping ext="gradle.kts" type="Kotlin" />
      <mapping ext="main.kts" type="Kotlin" />
      <mapping ext="wav" type="Native" />
      <mapping pattern="Image Source" type="PLAIN_TEXT" />
      <mapping pattern=".pairs" type="PLAIN_TEXT" />
      <mapping pattern="horizontalRhythm" type="PLAIN_TEXT" />
      <mapping pattern="Staticfile" type="PLAIN_TEXT" />
      <mapping ext="env" type="PLAIN_TEXT" />
      <removed_mapping ext="apk" approved="true" type="ARCHIVE" />
      <removed_mapping ext="bat" approved="true" type="PLAIN_TEXT" />
      <removed_mapping ext="cmd" approved="true" type="PLAIN_TEXT" />
      <removed_mapping ext="dockerfile" approved="true" type="textmate" />
      <removed_mapping ext="env" approved="true" type=".env file" />
      <removed_mapping ext="env" approved="true" type="Env File" />
      <removed_mapping ext="log" approved="true" type="PLAIN_TEXT" />
      <removed_mapping ext="makefile" approved="true" type="textmate" />
      <removed_mapping ext="psd" approved="true" type="Image" />
      <removed_mapping ext="snakefile" approved="true" type="textmate" />
      <removed_mapping pattern="Dockerfile" approved="true" type="Dockerfile" />
      <removed_mapping pattern="EditVoiceModal.js" approved="true" type="PLAIN_TEXT" />
    </extensionMap>
  </component>
</application>