<application>
  <component name="FindSettings">
    <option name="customScope" value="Project Files" />
    <option name="defaultScopeName" value="Project Files" />
    <option name="skipResultsWithOneUsage" value="true" />
    <option name="SKIP_RESULTS_WHEN_ONE_USAGE" value="true" />
    <option name="SEARCH_SCOPE" value="Project Files" />
    <mask>*.properties</mask>
    <mask>*.html</mask>
    <mask>*.jsp</mask>
    <mask>*.xml</mask>
    <mask>*.as</mask>
    <mask>*.mxml</mask>
    <mask>*.css</mask>
    <mask>*.svg</mask>
    <mask>scss</mask>
    <mask>*.jsx</mask>
    <mask>*.java</mask>
    <mask>*.groovy</mask>
    <mask>*.scss</mask>
    <mask>*reducer*.js</mask>
    <mask>*.js</mask>
    <mask>*.less</mask>
    <mask>*test.js</mask>
  </component>
</application>