<application>
  <component name="NodeJsLocalInterpreterManager">
    <local-interpreter path="/usr/local/bin/node">
      <version-cache version="14.19.0" last-modified="1643702602000" />
    </local-interpreter>
    <local-interpreter path="$USER_HOME$/.nvm/versions/node/v18.2.0/bin/node">
      <version-cache version="18.2.0" last-modified="1652793710000" />
    </local-interpreter>
    <local-interpreter path="$USER_HOME$/.nvm/versions/node/v15.8.0/bin/node">
      <version-cache last-modified="1612291622000" />
    </local-interpreter>
    <local-interpreter path="$USER_HOME$/.nvm/versions/node/v12.18.1/bin/node">
      <version-cache version="12.18.1" last-modified="1592355586000" />
    </local-interpreter>
    <local-interpreter path="$USER_HOME$/.nvm/versions/node/v12.8.1/bin/node">
      <version-cache version="12.8.1" last-modified="1565865227000" />
    </local-interpreter>
  </component>
</application>